"filename", "language", "glsl", "Shell Script", "Markdown", "JSON", "C++", "PWMake", "comment", "blank", "total"
"/Users/riceliker/Documents/PWFSP/PWEngine/AGENT.md", "Markdown", 0, 0, 36, 0, 0, 0, 0, 10, 46
"/Users/riceliker/Documents/PWFSP/PWEngine/CONTRIBUTE.md", "Markdown", 0, 0, 11, 0, 0, 0, 0, 2, 13
"/Users/riceliker/Documents/PWFSP/PWEngine/README.md", "Markdown", 0, 0, 103, 0, 0, 0, 0, 28, 131
"/Users/riceliker/Documents/PWFSP/PWEngine/assets/engine_config.json", "JSON", 0, 0, 0, 5, 0, 0, 0, 0, 5
"/Users/riceliker/Documents/PWFSP/PWEngine/build.pwm", "PWMake", 0, 0, 0, 0, 0, 31, 0, 5, 36
"/Users/riceliker/Documents/PWFSP/PWEngine/build.sh", "Shell Script", 0, 2, 0, 0, 0, 0, 0, 0, 2
"/Users/riceliker/Documents/PWFSP/PWEngine/config.pwm", "PWMake", 0, 0, 0, 0, 0, 6, 3, 1, 10
"/Users/riceliker/Documents/PWFSP/PWEngine/engine_pld/engine.hpp", "C++", 0, 0, 0, 0, 53, 0, 0, 10, 63
"/Users/riceliker/Documents/PWFSP/PWEngine/engine_pld/event.cpp", "C++", 0, 0, 0, 0, 5, 0, 0, 3, 8
"/Users/riceliker/Documents/PWFSP/PWEngine/engine_pld/export.hpp", "C++", 0, 0, 0, 0, 66, 0, 6, 11, 83
"/Users/riceliker/Documents/PWFSP/PWEngine/engine_pld/init.cpp", "C++", 0, 0, 0, 0, 40, 0, 6, 10, 56
"/Users/riceliker/Documents/PWFSP/PWEngine/engine_pld/log.cpp", "C++", 0, 0, 0, 0, 76, 0, 0, 8, 84
"/Users/riceliker/Documents/PWFSP/PWEngine/include/api.hpp", "C++", 0, 0, 0, 0, 33, 0, 0, 6, 39
"/Users/riceliker/Documents/PWFSP/PWEngine/include/asset.hpp", "C++", 0, 0, 0, 0, 4, 0, 5, 5, 14
"/Users/riceliker/Documents/PWFSP/PWEngine/include/engine.hpp", "C++", 0, 0, 0, 0, 0, 0, 0, 1, 1
"/Users/riceliker/Documents/PWFSP/PWEngine/include/file.hpp", "C++", 0, 0, 0, 0, 13, 0, 0, 2, 15
"/Users/riceliker/Documents/PWFSP/PWEngine/include/math.hpp", "C++", 0, 0, 0, 0, 245, 0, 5, 40, 290
"/Users/riceliker/Documents/PWFSP/PWEngine/include/render.hpp", "C++", 0, 0, 0, 0, 323, 0, 104, 27, 454
"/Users/riceliker/Documents/PWFSP/PWEngine/include/stream.hpp", "C++", 0, 0, 0, 0, 73, 0, 4, 6, 83
"/Users/riceliker/Documents/PWFSP/PWEngine/runtime/boot/boot.hpp", "C++", 0, 0, 0, 0, 0, 0, 0, 1, 1
"/Users/riceliker/Documents/PWFSP/PWEngine/runtime/file/_utils.hpp", "C++", 0, 0, 0, 0, 71, 0, 0, 11, 82
"/Users/riceliker/Documents/PWFSP/PWEngine/runtime/file/obj.cpp", "C++", 0, 0, 0, 0, 91, 0, 0, 4, 95
"/Users/riceliker/Documents/PWFSP/PWEngine/runtime/file/shader.cpp", "C++", 0, 0, 0, 0, 22, 0, 0, 7, 29
"/Users/riceliker/Documents/PWFSP/PWEngine/runtime/file/tga.cpp", "C++", 0, 0, 0, 0, 97, 0, 1, 5, 103
"/Users/riceliker/Documents/PWFSP/PWEngine/runtime/render/_render.hpp", "C++", 0, 0, 0, 0, 117, 0, 41, 26, 184
"/Users/riceliker/Documents/PWFSP/PWEngine/runtime/render/_utils.hpp", "C++", 0, 0, 0, 0, 77, 0, 37, 13, 127
"/Users/riceliker/Documents/PWFSP/PWEngine/runtime/render/context/buffer.cpp", "C++", 0, 0, 0, 0, 158, 0, 0, 37, 195
"/Users/riceliker/Documents/PWFSP/PWEngine/runtime/render/context/check.cpp", "C++", 0, 0, 0, 0, 88, 0, 0, 23, 111
"/Users/riceliker/Documents/PWFSP/PWEngine/runtime/render/context/context.cpp", "C++", 0, 0, 0, 0, 172, 0, 6, 41, 219
"/Users/riceliker/Documents/PWFSP/PWEngine/runtime/render/context/loop.cpp", "C++", 0, 0, 0, 0, 32, 0, 0, 8, 40
"/Users/riceliker/Documents/PWFSP/PWEngine/runtime/render/context/swapchain.cpp", "C++", 0, 0, 0, 0, 127, 0, 1, 26, 154
"/Users/riceliker/Documents/PWFSP/PWEngine/runtime/render/context/window.cpp", "C++", 0, 0, 0, 0, 13, 0, 0, 2, 15
"/Users/riceliker/Documents/PWFSP/PWEngine/runtime/render/input/keyborad.cpp", "C++", 0, 0, 0, 0, 80, 0, 0, 9, 89
"/Users/riceliker/Documents/PWFSP/PWEngine/runtime/render/input/mouse.cpp", "C++", 0, 0, 0, 0, 31, 0, 0, 1, 32
"/Users/riceliker/Documents/PWFSP/PWEngine/runtime/render/instance/instance.cpp", "C++", 0, 0, 0, 0, 130, 0, 5, 23, 158
"/Users/riceliker/Documents/PWFSP/PWEngine/runtime/render/instance/validlayer.cpp", "C++", 0, 0, 0, 0, 20, 0, 0, 1, 21
"/Users/riceliker/Documents/PWFSP/PWEngine/runtime/render/loop/command.cpp", "C++", 0, 0, 0, 0, 57, 0, 3, 10, 70
"/Users/riceliker/Documents/PWFSP/PWEngine/runtime/render/loop/frame.cpp", "C++", 0, 0, 0, 0, 37, 0, 3, 7, 47
"/Users/riceliker/Documents/PWFSP/PWEngine/runtime/render/loop/rendering.cpp", "C++", 0, 0, 0, 0, 111, 0, 2, 11, 124
"/Users/riceliker/Documents/PWFSP/PWEngine/runtime/render/loop/singletimer.cpp", "C++", 0, 0, 0, 0, 145, 0, 0, 27, 172
"/Users/riceliker/Documents/PWFSP/PWEngine/runtime/render/node3D/camera.cpp", "C++", 0, 0, 0, 0, 76, 0, 0, 17, 93
"/Users/riceliker/Documents/PWFSP/PWEngine/runtime/render/node3D/material.cpp", "C++", 0, 0, 0, 0, 50, 0, 0, 9, 59
"/Users/riceliker/Documents/PWFSP/PWEngine/runtime/render/node3D/mesh.cpp", "C++", 0, 0, 0, 0, 88, 0, 4, 20, 112
"/Users/riceliker/Documents/PWFSP/PWEngine/runtime/render/node3D/node.cpp", "C++", 0, 0, 0, 0, 45, 0, 0, 10, 55
"/Users/riceliker/Documents/PWFSP/PWEngine/runtime/render/node3D/texture.cpp", "C++", 0, 0, 0, 0, 93, 0, 0, 16, 109
"/Users/riceliker/Documents/PWFSP/PWEngine/runtime/render/node3D/transform.cpp", "C++", 0, 0, 0, 0, 87, 0, 0, 5, 92
"/Users/riceliker/Documents/PWFSP/PWEngine/runtime/render/node3D/uniform.cpp", "C++", 0, 0, 0, 0, 49, 0, 0, 6, 55
"/Users/riceliker/Documents/PWFSP/PWEngine/runtime/render/pipeline/pipeline.cpp", "C++", 0, 0, 0, 0, 218, 0, 13, 38, 269
"/Users/riceliker/Documents/PWFSP/PWEngine/runtime/stream/config.cpp", "C++", 0, 0, 0, 0, 0, 0, 203, 3, 206
"/Users/riceliker/Documents/PWFSP/PWEngine/runtime/stream/log.cpp", "C++", 0, 0, 0, 0, 110, 0, 0, 5, 115
"/Users/riceliker/Documents/PWFSP/PWEngine/shaders/pipeline2D/shader.frag", "glsl", 8, 0, 0, 0, 0, 0, 0, 4, 12
"/Users/riceliker/Documents/PWFSP/PWEngine/shaders/pipeline2D/shader.vert", "glsl", 14, 0, 0, 0, 0, 0, 0, 4, 18
"/Users/riceliker/Documents/PWFSP/PWEngine/shaders/pipeline3D/shader.frag", "glsl", 8, 0, 0, 0, 0, 0, 0, 4, 12
"/Users/riceliker/Documents/PWFSP/PWEngine/shaders/pipeline3D/shader.vert", "glsl", 18, 0, 0, 0, 0, 0, 0, 5, 23
"/Users/riceliker/Documents/PWFSP/PWEngine/test/ImGui/main.cpp", "C++", 0, 0, 0, 0, 0, 0, 0, 1, 1
"/Users/riceliker/Documents/PWFSP/PWEngine/test/VikingRoom/main.cpp", "C++", 0, 0, 0, 0, 92, 0, 1, 23, 116
"Total", "-", 48, 2, 150, 5, 3515, 37, 453, 638, 4848